{
  "feature_order": [
    "cpu_load",
    "mem_util",
    "temp_celsius",
    "traffic_in_rate",
    "traffic_out_rate",
    "if_error_rate",
    "if_discard_rate",
    "if_down_ratio",
    "reboot_indicator"
  ],
  "baseline_mean": {
    "cpu_load": 24.064487920747627,
    "mem_util": 0.5000611961355186,
    "temp_celsius": 43.02759236171789,
    "traffic_in_rate": 5753126.935874921,
    "traffic_out_rate": 5399837.984441585,
    "if_error_rate": 0.015965262371061925,
    "if_discard_rate": 0.008107740415844564,
    "if_down_ratio": 0.0,
    "reboot_indicator": 0.0
  },
  "baseline_std": {
    "cpu_load": 8.968350818993889,
    "mem_util": 0.03883222651425945,
    "temp_celsius": 2.324278699648452,
    "traffic_in_rate": 571270.0710854069,
    "traffic_out_rate": 533087.7454233133,
    "if_error_rate": 0.012146272328304347,
    "if_discard_rate": 0.006166924996380246,
    "if_down_ratio": 1e-06,
    "reboot_indicator": 1e-06
  },
  "ewma": {
    "cpu_load": 13.560772904600173,
    "mem_util": 0.4532161571418664,
    "temp_celsius": 40.555037235975924,
    "traffic_in_rate": 5069090.300115888,
    "traffic_out_rate": 4760318.986456992,
    "if_error_rate": 0.017691478311044364,
    "if_discard_rate": 0.010243181241314035,
    "if_down_ratio": 0.0,
    "reboot_indicator": 0.0
  },
  "hw_seasonal": {
    "cpu_load": [
      14.38058300439777,
      14.701799904927995,
      14.924814026323865,
      14.817382475641006,
      14.750292913036729,
      14.785594527778997,
      14.904027519128583,
      14.819537768067143,
      14.839053298476628,
      14.973282349331106,
      15.073116947708142,
      15.106356502375297,
      14.991125347673615,
      15.096888306049967,
      14.773794181491695,
      14.576252039579565,
      14.604385603054459,
      14.481905027006759,
      14.670760042915509,
      14.592146580007414,
      14.61554851636444,
      14.508687781732354,
      14.436922882411288,
      14.366679957180326
    ],
    "mem_util": [
      0.4508033300764522,
      0.4525617516260991,
      0.4520383088847981,
      0.4531057093045095,
      0.45268596989294335,
      0.45293773507758567,
      0.45355671747188814,
      0.4521508760681611,
      0.45301431225074135,
      0.4535168195365036,
      0.4544036288349245,
      0.45454339369417246,
      0.4551791669340836,
      0.45577255834077834,
      0.4542651544455308,
      0.4560595293887313,
      0.45528768831549865,
      0.45647924620054864,
      0.45616186378592866,
      0.4557526867459795,
      0.45700845027281783,
      0.45600539571895626,
      0.45587703400556934,
      0.4565287781409367
    ],
    "temp_celsius": [
      39.989810492477844,
      39.958648028902225,
      39.93736649342746,
      39.91125081143165,
      39.874966626894654,
      39.94842644241481,
      39.956224836476174,
      40.043050965915,
      39.99707962757167,
      39.98478061383225,
      40.03534181642016,
      40.00524356663684,
      40.011886773100976,
      40.11397862202847,
      40.07563655322712,
      40.0785762775344,
      40.07614161496943,
      40.08581372445683,
      40.136618829256555,
      40.12957339915473,
      40.05043405145298,
      40.10910735725656,
      40.13533075891639,
      40.21249172153325
    ],
    "traffic_in_rate": [
      5079837.440730535,
      5071257.113469819,
      5077440.985067681,
      5059130.426097599,
      5054993.334810267,
      5028900.335309032,
      5013170.086993355,
      5004108.699511972,
      5025307.258858922,
      5029922.717222528,
      5046126.765656484,
      5049062.531685752,
      5068568.4315109765,
      5063405.048306304,
      5066490.8285374185,
      5059214.804562329,
      5060142.987984609,
      5073053.274324729,
      5055361.081286393,
      5065829.705706901,
      5076164.475884446,
      5056439.764897825,
      5065379.397636022,
      5084340.427996032
    ],
    "traffic_out_rate": [
      4736243.718312937,
      4728686.535126076,
      4723530.544338768,
      4715339.029817645,
      4703423.928869915,
      4713075.321943446,
      4692055.220428811,
      4676015.077452135,
      4683611.202668464,
      4704019.966467437,
      4693382.5665316535,
      4708393.476719408,
      4688721.180487045,
      4704180.209132281,
      4718275.211670436,
      4721826.100076695,
      4719475.8080089735,
      4742354.06170774,
      4742416.957202849,
      4722812.818272341,
      4729228.923947234,
      4737745.1879501855,
      4733992.478506319,
      4743870.201020171
    ],
    "if_error_rate": [
      0.018187416408396943,
      0.018757175273179348,
      0.01739878856916713,
      0.01761818884476329,
      0.018356850459376732,
      0.017593171456247853,
      0.017013154167392134,
      0.016383487948813977,
      0.01654334470134074,
      0.015897801215414637,
      0.01709134255549632,
      0.0168375848175766,
      0.018112819534952695,
      0.01769167978354928,
      0.017717732053834413,
      0.017037921384545008,
      0.016859876778851635,
      0.017591673762733243,
      0.018067823057302892,
      0.01820209982019595,
      0.01684898552071346,
      0.01753449814194731,
      0.01795124529922651,
      0.01764486785073444
    ],
    "if_discard_rate": [
      0.009448124578245301,
      0.00981982180473291,
      0.009941618404846945,
      0.010304199692864542,
      0.009989583950335794,
      0.010153553396528021,
      0.010217158471754305,
      0.010067481488046013,
      0.010015775654723752,
      0.010179859185684429,
      0.010159738049635571,
      0.009811587219444393,
      0.010511002871261286,
      0.010231072578280855,
      0.010008802261638841,
      0.00990103572810118,
      0.009671834278171759,
      0.009535861402911865,
      0.00904958388251422,
      0.009578889529286337,
      0.009766713742069109,
      0.009460830502090746,
      0.01020031647560266,
      0.009816418702511322
    ],
    "if_down_ratio": [
      0.0,
      0.0,
      0.0,
      0.0,
      0.0,
      0.0,
      0.0,
      0.0,
      0.0,
      0.0,
      0.0,
      0.0,
      0.0,
      0.0,
      0.0,
      0.0,
      0.0,
      0.0,
      0.0,
      0.0,
      0.0,
      0.0,
      0.0,
      0.0
    ],
    "reboot_indicator": [
      0.0,
      0.0,
      0.0,
      0.0,
      0.0,
      0.0,
      0.0,
      0.0,
      0.0,
      0.0,
      0.0,
      0.0,
      0.0,
      0.0,
      0.0,
      0.0,
      0.0,
      0.0,
      0.0,
      0.0,
      0.0,
      0.0,
      0.0,
      0.0
    ]
  }
}