{
  "feature_order": [
    "cpu_load",
    "mem_util",
    "temp_celsius",
    "traffic_in_rate",
    "traffic_out_rate",
    "if_error_rate",
    "if_discard_rate",
    "if_down_ratio",
    "reboot_indicator"
  ],
  "baseline_mean": {
    "cpu_load": 24.08434776436001,
    "mem_util": 0.5001359962746444,
    "temp_celsius": 43.00234798628621,
    "traffic_in_rate": 5750759.10696723,
    "traffic_out_rate": 5400260.061805983,
    "if_error_rate": 0.01633614857299816,
    "if_discard_rate": 0.008013095013555486,
    "if_down_ratio": 0.0,
    "reboot_indicator": 0.0
  },
  "baseline_std": {
    "cpu_load": 9.002545905221488,
    "mem_util": 0.038291231704622744,
    "temp_celsius": 2.2979237827364503,
    "traffic_in_rate": 564996.245906626,
    "traffic_out_rate": 535637.405899917,
    "if_error_rate": 0.012211752783522652,
    "if_discard_rate": 0.005946181090389278,
    "if_down_ratio": 1e-06,
    "reboot_indicator": 1e-06
  },
  "ewma": {
    "cpu_load": 15.172012808811957,
    "mem_util": 0.4581517266990823,
    "temp_celsius": 40.5426169601986,
    "traffic_in_rate": 5005729.7752667675,
    "traffic_out_rate": 4710021.110574243,
    "if_error_rate": 0.014207886922044197,
    "if_discard_rate": 0.006374318026129138,
    "if_down_ratio": 0.0,
    "reboot_indicator": 0.0
  },
  "hw_seasonal": {
    "cpu_load": [
      14.693823445729521,
      14.62812726517218,
      14.731252025186086,
      14.644228397217438,
      14.763222702387644,
      14.81284539730582,
      14.806164860769854,
      14.961038114879253,
      15.104215182026799,
      15.189339475857475,
      15.280421983418343,
      15.189194150524338,
      15.263217772755041,
      15.359702918537538,
      15.338927935575848,
      15.217822278320298,
      15.16062084569222,
      15.24952282922488,
      15.292185878545384,
      15.308125958630137,
      15.306654501419906,
      15.132751711567849,
      15.107644328546405,
      15.255119462468107
    ],
    "mem_util": [
      0.4524167668869083,
      0.452360267281575,
      0.45359976686977443,
      0.45356142625138474,
      0.4537043145436606,
      0.45417535956354965,
      0.45487901705404427,
      0.4547490328108657,
      0.4536174324553059,
      0.4546166286042665,
      0.45353035412705456,
      0.4530326586892288,
      0.4519865655203797,
      0.4533050850738612,
      0.45308043188217867,
      0.453309634922078,
      0.4547565535470271,
      0.45439319403567313,
      0.4535976940420779,
      0.4542491246150922,
      0.45389320388733684,
      0.4552080720362733,
      0.4551233755003374,
      0.45448109218712734
    ],
    "temp_celsius": [
      39.99227162651484,
      40.02475403534783,
      39.97770625589071,
      40.082908916789556,
      40.053989754729734,
      40.10411252996711,
      40.19269152818277,
      40.14970697257189,
      40.02838303359354,
      40.06728210441731,
      39.99555694541402,
      39.931708223083795,
      39.96470351984939,
      39.9061468697626,
      39.86828571303,
      39.79922355794413,
      39.7884059880277,
      39.79871905024291,
      39.78762195116892,
      39.904563667812084,
      39.886672164022386,
      40.03156890238642,
      39.991603724957706,
      40.12461866256144
    ],
    "traffic_in_rate": [
      5105985.146639486,
      5097349.247239334,
      5078357.531359786,
      5070874.5117178345,
      5055456.724290634,
      5062306.674394721,
      5057890.883472256,
      5070537.622538648,
      5051883.573945747,
      5062533.49351646,
      5060198.840529445,
      5062987.006397971,
      5044469.333008063,
      5023346.9336707145,
      5018379.463365828,
      5021867.335114352,
      5016711.435276962,
      5013058.4638892645,
      5002664.1630671555,
      4990799.920345866,
      5001096.94302873,
      5029884.749985223,
      5015477.12722401,
      5022591.853181222
    ],
    "traffic_out_rate": [
      4705384.245077153,
      4695334.995054443,
      4686367.310252179,
      4691083.210208003,
      4700781.968112301,
      4704206.824229469,
      4701715.115051368,
      4709290.7123013735,
      4696712.745598963,
      4664775.867176403,
      4637882.033833976,
      4640712.026492226,
      4647548.405801721,
      4662643.669497366,
      4667964.077065821,
      4667384.322390863,
      4689159.364050186,
      4692504.715406795,
      4694608.519670234,
      4687780.07855391,
      4699814.076092059,
      4713233.570412957,
      4711991.241846318,
      4706739.077560591
    ],
    "if_error_rate": [
      0.02015290520640855,
      0.019513125325380784,
      0.019497749284682106,
      0.018761968513450796,
      0.018569804657682123,
      0.01749718845407897,
      0.017085053988211425,
      0.01808908476696056,
      0.016909880095506348,
      0.01614276324799584,
      0.017057303556232407,
      0.01605852607317368,
      0.01664958291092389,
      0.017603682309423562,
      0.016834819084042503,
      0.017844969718298177,
      0.01785942422729058,
      0.017142668585868867,
      0.017016108753786143,
      0.016422407286282855,
      0.016135511770990388,
      0.0166248767184121,
      0.015756152974948406,
      0.01589124901250249
    ],
    "if_discard_rate": [
      0.007165109826744155,
      0.00734577050414691,
      0.007379153573202678,
      0.007280170681560905,
      0.007028416045750493,
      0.0068507207392318826,
      0.007017966681830551,
      0.008050819956299336,
      0.006775541266618751,
      0.007034486597264079,
      0.007445719161731221,
      0.007239562805980004,
      0.007243563924878024,
      0.007226867577532871,
      0.007432077545369259,
      0.007450573175179942,
      0.0073922061707326426,
      0.0074831776402123455,
      0.007325131854731139,
      0.0066614130971417275,
      0.006606349622690581,
      0.006617210175700974,
      0.006905792007891755,
      0.0069693117323365306
    ],
    "if_down_ratio": [
      0.0,
      0.0,
      0.0,
      0.0,
      0.0,
      0.0,
      0.0,
      0.0,
      0.0,
      0.0,
      0.0,
      0.0,
      0.0,
      0.0,
      0.0,
      0.0,
      0.0,
      0.0,
      0.0,
      0.0,
      0.0,
      0.0,
      0.0,
      0.0
    ],
    "reboot_indicator": [
      0.0,
      0.0,
      0.0,
      0.0,
      0.0,
      0.0,
      0.0,
      0.0,
      0.0,
      0.0,
      0.0,
      0.0,
      0.0,
      0.0,
      0.0,
      0.0,
      0.0,
      0.0,
      0.0,
      0.0,
      0.0,
      0.0,
      0.0,
      0.0
    ]
  }
}