{
  "feature_order": [
    "cpu_load",
    "mem_util",
    "temp_celsius",
    "traffic_in_rate",
    "traffic_out_rate",
    "if_error_rate",
    "if_discard_rate",
    "if_down_ratio",
    "reboot_indicator"
  ],
  "baseline_mean": {
    "cpu_load": 24.04931461303753,
    "mem_util": 0.5000607000927029,
    "temp_celsius": 43.018895327279594,
    "traffic_in_rate": 5753821.157066567,
    "traffic_out_rate": 5404311.068498305,
    "if_error_rate": 0.015955512671106047,
    "if_discard_rate": 0.008015973857538387,
    "if_down_ratio": 0.0,
    "reboot_indicator": 0.0
  },
  "baseline_std": {
    "cpu_load": 8.936625608587745,
    "mem_util": 0.03847042958765488,
    "temp_celsius": 2.3161793887771918,
    "traffic_in_rate": 569133.6859116359,
    "traffic_out_rate": 531147.1180091192,
    "if_error_rate": 0.011987304906242077,
    "if_discard_rate": 0.006045744582901512,
    "if_down_ratio": 1e-06,
    "reboot_indicator": 1e-06
  },
  "ewma": {
    "cpu_load": 13.600030747140046,
    "mem_util": 0.4516505797372884,
    "temp_celsius": 40.086206589003666,
    "traffic_in_rate": 5011249.963222124,
    "traffic_out_rate": 4797106.54693123,
    "if_error_rate": 0.013868314286499312,
    "if_discard_rate": 0.006058119897888466,
    "if_down_ratio": 0.0,
    "reboot_indicator": 0.0
  },
  "hw_seasonal": {
    "cpu_load": [
      14.55709287571054,
      14.542147525646966,
      14.677312717928274,
      14.831336138036688,
      14.66977169125606,
      14.7912188813968,
      14.627238814569049,
      14.722553958535242,
      14.667201238004226,
      14.869375449628967,
      14.791889888545652,
      14.774010181106497,
      14.85716938451054,
      14.981179256516604,
      14.889393221299954,
      14.896805544212627,
      15.010645465196724,
      15.035653714321734,
      14.852549119247032,
      14.808955743639272,
      14.863489008278256,
      14.676555665241082,
      14.607805825298504,
      14.524471596624663
    ],
    "mem_util": [
      0.45552259301790254,
      0.455449667555152,
      0.4547294971828984,
      0.4540685520010392,
      0.45271006218300464,
      0.45224263174322177,
      0.45265427310297307,
      0.4535356143303082,
      0.45450294571274724,
      0.45496547684552896,
      0.4550359594388038,
      0.45504953554345057,
      0.4540471173235547,
      0.4543099724524638,
      0.45364207529412615,
      0.452604265758839,
      0.45273205076404527,
      0.4527898134690495,
      0.451110060438117,
      0.4497535076972165,
      0.4501164040700587,
      0.4502394656528506,
      0.45060128475989103,
      0.4515502941428373
    ],
    "temp_celsius": [
      40.079245283865404,
      40.00583913701491,
      40.06431053192889,
      40.0919451369545,
      40.06915105401843,
      40.20895346980275,
      40.24791967863897,
      40.313384330910374,
      40.244236831194435,
      40.309298513744515,
      40.25665249414582,
      40.225813987115664,
      40.23755018827253,
      40.25942270465993,
      40.33603292405977,
      40.44085805059263,
      40.38387268241681,
      40.31877955473079,
      40.35214275913084,
      40.41837230017669,
      40.47479182514175,
      40.445888746299424,
      40.43781459090101,
      40.42413749893201
    ],
    "traffic_in_rate": [
      5051353.314531037,
      5066112.011173666,
      5046037.159403319,
      5042457.180659869,
      5076387.003431837,
      5074206.666633391,
      5069996.768089403,
      5050115.135821031,
      5032255.5056150565,
      5036380.2640365455,
      5033453.193677034,
      5019997.182988209,
      5032731.205418767,
      5035337.86752284,
      5041489.439547,
      5038875.7071721805,
      5017770.946342686,
      5027300.801011289,
      5008906.314200908,
      5024528.62234592,
      5035256.222986153,
      5037212.907063549,
      5027035.10597957,
      5030222.917218256
    ],
    "traffic_out_rate": [
      4738500.6233238885,
      4740861.143015776,
      4753618.726274263,
      4757503.915644786,
      4771604.176012946,
      4749466.734140511,
      4747103.352829865,
      4738574.065643339,
      4754905.171107533,
      4755591.103573929,
      4734340.959655062,
      4724791.751692434,
      4735120.116489534,
      4751063.295099643,
      4747559.699904042,
      4736198.925017242,
      4741583.030253789,
      4732484.340923634,
      4730908.700701515,
      4743840.185912593,
      4745121.296490647,
      4739435.885513433,
      4761516.762547747,
      4759948.815563473
    ],
    "if_error_rate": [
      0.015460828951509667,
      0.014458851638081293,
      0.014881870498615944,
      0.015131278466710385,
      0.01406156019853652,
      0.013995959787595214,
      0.013231749678345584,
      0.01340570823500105,
      0.013766296043132386,
      0.014270243184511464,
      0.014586324318497398,
      0.014143807691597954,
      0.015175636824105715,
      0.017015013559802478,
      0.01740408716378299,
      0.017046893488543772,
      0.01740587055925936,
      0.01616315057918394,
      0.017401048152777928,
      0.017168463240223805,
      0.016795666043122968,
      0.01686910467527777,
      0.015807596014055625,
      0.016036650602752472
    ],
    "if_discard_rate": [
      0.010581979022733846,
      0.010665784291509212,
      0.010037612089302256,
      0.00948011379006831,
      0.009458261492115991,
      0.008818060180996616,
      0.008725838257153033,
      0.008910864773583887,
      0.008856865316773965,
      0.008770354191393444,
      0.008379881874573026,
      0.008066811951482861,
      0.008070306919974169,
      0.008482063003917666,
      0.007970413655009048,
      0.006972486337149856,
      0.006892583396754301,
      0.006685120691791096,
      0.00648838094960787,
      0.006374184097485605,
      0.006376625177904588,
      0.0060483056394034776,
      0.006322962397258865,
      0.005832488211531543
    ],
    "if_down_ratio": [
      0.0,
      0.0,
      0.0,
      0.0,
      0.0,
      0.0,
      0.0,
      0.0,
      0.0,
      0.0,
      0.0,
      0.0,
      0.0,
      0.0,
      0.0,
      0.0,
      0.0,
      0.0,
      0.0,
      0.0,
      0.0,
      0.0,
      0.0,
      0.0
    ],
    "reboot_indicator": [
      0.0,
      0.0,
      0.0,
      0.0,
      0.0,
      0.0,
      0.0,
      0.0,
      0.0,
      0.0,
      0.0,
      0.0,
      0.0,
      0.0,
      0.0,
      0.0,
      0.0,
      0.0,
      0.0,
      0.0,
      0.0,
      0.0,
      0.0,
      0.0
    ]
  }
}